unique_case_id,official_case_id,type_of_crime,location,year,date,time,victim_sex,offender_sex,number_of_victims,number_of_offenders,Homicide,Hate Crime - Disability,Hate Crime - Gender,Hate Crime - Gender Identity,Hate Crime - Religious,Hate Crime - Sexual orientation,Hate Crime - Racial/Ethnicity,Hate Crime - Ethnicity,Verbal Abuse/Verbal Assault,Property Damage,Drug Offenses,General Assault,Sexual Assault,Sexual Harassment,Property Crimes,Domestic Violence,Missing Person,Traffic Incident,Unclassified
000001_1318967,1318967,"General Assault, Property Crime, Verbal Abuse","Erwin-Barth-Platz, Charlottenburg-Wilmersdorf",2023,29.04,13.40 Uhr,Male,Male,1,4,0,0,0,0,0,0,0,0,0,0,0,1,0,0,0,0,0,0,0
000002_1318965,1318965,"Property Damage, General Assault",Seydelstraße bis zur Alte-Jakob-Straße,2023,29.04,Mitternacht,Unknow,Male,Unknow,20,0,0,0,0,0,0,0,0,0,1,0,1,0,0,0,0,0,0,0
000003_1317835,1317835,"Property Crime, Hehlerei","Wilhelmstadt, Sandstraße",2023,27.04,22 Uhr,Unknow,Male,1,2,0,0,0,0,0,0,0,0,0,0,0,0,0,0,0,0,0,0,0
000004_1317465,1317465,"Property Damage, Hate Crime - Gender Identity",Friedhof in Lichtenberg,2023,26.04,17.45 Uhr,Transgender,Unknow,1,Unknow,0,0,0,1,0,0,0,0,0,1,0,0,0,0,0,0,0,0,0
000005_1317344,1317344,Property Damage,"Wedding, Togostraße",2023,26.04,23 Uhr,Female,Unknow,1,Unknow,0,0,0,0,0,0,0,0,0,1,0,0,0,0,0,0,0,0,0
000006_1317325,1317325,Attempted Suicide,Tempelhof-Schöneberg,2023,26.04,18.10 Uhr,Male,Unknow,1,Unknow,0,0,0,0,0,0,0,0,0,0,0,0,0,0,0,0,0,0,0
000007_1317063,1317063,"Property Damage, Homicide","Treptow-Köpenick, Am Bahndamm",2023,25.04,10.30 Uhr,Male,Unknow,1,Unknow,1,0,0,0,0,0,0,0,0,1,0,0,0,0,0,0,0,0,0
000008_1317038,1317038,"Property Crime, General Assault","Keithstraße, Tempelhof-Schöneberg",2023,25.04,17 Uhr,"Male, Female",Male,2,2,0,0,0,0,0,0,0,0,0,0,0,1,0,0,0,0,0,0,0
000009_1316949,1316949,"Property Damage, Verbal Abuse, General Assault",Berlinweit,2023,25.04,7.20 Uhr - 9.30 Uhr,Unknow,Unknow,Unknow,255,0,0,0,0,0,0,0,0,0,1,0,1,0,0,0,0,0,0,0
000010_1316885,1316885,Unclassified,Berlinweit,2023,25.04,Unknow,Unknow,Unknow,Unknow,Unknow,0,0,0,0,0,0,0,0,0,0,0,0,0,0,0,0,0,0,1
000001_1312353,1312353,"Property Damage, Homicide","Salchendorfer Weg, Falkenhagener Feld, Spandau",2023,7.04,22 Uhr,Female,Unknown,1,Unknown,1,0,0,0,0,0,0,0,0,1,0,0,0,0,0,0,0,0,0
000002_1312248,1312248,"Property Damage, Arson","Bergfriedstraße, Friedrichshain-Kreuzberg",2023,6.04,4.45 Uhr,Unknown,Unknown,0,Unknown,0,0,0,0,0,0,0,0,0,1,0,0,0,0,0,0,0,0,0
000003_1312133,1312133,"General Assault, Property Damage",U-Bahnhof Rathaus Spandau,2023,6.04,20.10 Uhr,Male,Male,1,3-4,0,0,0,0,0,0,0,0,0,1,0,1,0,0,0,0,0,0,0
000004_1312099,1312099,Drug Offenses,"U-Bahnhof Rathaus Spandau, U-Bahnhof Haselhorst",2023,6.04,14.40 Uhr,Male,Male,1,1,0,0,0,0,0,0,0,0,0,0,1,0,0,0,0,0,0,0,0
000001_1308149,1308149,Property Damage,"Scharnweberstraße, Reinickendorf",2023,25.03,13.50 Uhr,Male,Male,1,1,0,0,0,0,0,0,0,0,0,1,0,0,0,0,0,0,0,0,0
000002_1308147,1308147,"General Assault, Property Damage","Hermannstraße, Neukölln",2023,25.03,1 Uhr,Male,Male,1,1,0,0,0,0,0,0,0,0,0,1,0,1,0,0,0,0,0,0,0
000003_1308145,1308145,"Homicide, General Assault, Property Damage",Reinickendorf,2023,25.03,23.15,"Female, Male",Male,3,1,1,0,0,0,0,0,0,0,0,1,0,1,0,0,0,0,0,0,0
000004_1308099,1308099,"Property Damage, Unclassified",Friedrichstraße,2023,24.03,17.15 Uhr,Unknown,Unknown,Unknown,5,0,0,0,0,0,0,0,0,0,1,0,0,0,0,0,0,0,0,1
000005_1307898,1307898,"Property Crime, General Assault","Ernst-Reinke-Straße, Lichtenberg",2023,24.03,21.30 Uhr,Unknown,Male,1,2,0,0,0,0,0,0,0,0,0,0,0,1,0,0,0,0,0,0,0
000006_1307518,1307518,"Verbal Abuse, General Assault","Motzstraße, Tempelhof-Schöneberg",2023,23.03,3.35 Uhr,Male,Unknown,2,2,0,0,0,0,0,0,0,0,0,0,0,1,0,0,0,0,0,0,0
000007_1307474,1307474,"Verbal Abuse, Threatening with a Weapon",Treptow-Köpenick,2023,23.03,19.30 Uhr,Female,Female,1,1,0,0,0,0,0,0,0,0,0,0,0,0,0,0,0,0,0,0,0
000008_1307434,1307434,"Property Damage, General Assault",Friedrichsfelde,2023,23.03,1.50 Uhr,Male,Male,1,1,0,0,0,0,0,0,0,0,0,1,0,1,0,0,0,0,0,0,0
000009_1307433,1307433,"Hate Crime - Racial/Ethnicity, General Assault, Verbal Abuse",S-Bahnhof Jungfernheide,2023,23.03,16 Uhr,Female,Female,1,2,0,0,0,0,0,0,1,0,0,0,0,1,0,0,0,0,0,0,0
000010_1307189,1307189,"Property Damage, Attempted Arson","Lindenberger Weg, Buch, Pankow",2023,22.03,3 Uhr,Unknown,Unknown,Unknown,Unknown,0,0,0,0,0,0,0,0,0,1,0,0,0,0,0,0,0,0,0
000011_1307179,1307179,"General Assault, Verbal Abuse, Property Damage","Harry-Breslau-Park, Steglitz-Zehlendorf",2023,22.03,18 Uhr,Male,Male,1,20,0,0,0,0,0,0,0,0,0,1,0,1,0,0,0,0,0,0,0
000012_1307177,1307177,"Property Crime, Drug Offenses",Tempelhof-Schöneberg,2023,22.03,2.40 Uhr,Unknown,Male,Unknown,1,0,0,0,0,0,0,0,0,0,0,1,0,0,0,0,0,0,0,0
000013_1307175,1307175,"Property Crime, Burglary",Charles-Corcelle-Ring,2023,22.03,15 Uhr,Female,Male,1,1,0,0,0,0,0,0,0,0,0,0,0,0,0,0,0,0,0,0,0
000014_1306969,1306969,"General Assault, Property Damage","Huttenstraße, Moabit",2023,22.03,Mitternacht,Male,Male,3,3,0,0,0,0,0,0,0,0,0,1,0,1,0,0,0,0,0,0,0
000015_1306908,1306908,"Property Crime, General Assault","Holländer Straße, Wedding",2023,22.03,19.20 Uhr,Female,Unknown,1,Unknown,0,0,0,0,0,0,0,0,0,0,0,1,0,0,0,0,0,0,0
000016_1306798,1306798,"Drug Offenses, General Assault, Property Damage","Südstern/Körtestraße, Friedrichshain-Kreuzberg",2023,22.03,14 Uhr,Male,Male,1,1,0,0,0,0,0,0,0,0,0,1,1,1,0,0,0,0,0,0,0
000017_1306793,1306793,Property Damage,"Auerbacher Ring, Marzahn-Hellersdorf",2023,22.03,20.30 Uhr,Male,Unknown,1,Unknown,0,0,0,0,0,0,0,0,0,1,0,0,0,0,0,0,0,0,0
000018_1306557,1306557,"General Assault, Verbal Abuse, Property Damage",Friedrichshain-Kreuzberg,2023,21.03,23.00 Uhr,Male,Male,1,1,0,0,0,0,0,0,0,0,0,1,0,1,0,0,0,0,0,0,0
000019_1306237,1306237,Unclassified,Mitte,2023,21.03,Unknown,Unknown,Unknown,Unknown,Unknown,0,0,0,0,0,0,0,0,0,0,0,0,0,0,0,0,0,0,1
000020_1306232,1306232,"General Assault, Property Damage, Verbal Abuse",Tram-Haltestelle Welsestr. / Falkenberger Chaussee,2023,21.03,18 Uhr,"Male, Female",Male,3,2,0,0,0,0,0,0,0,0,0,1,0,1,0,0,0,0,0,0,0
000021_1306227,1306227,"Property Crime, General Assault","Konstanzer Straße, Charlottenburg-Wilmersdorf",2023,21.03,22 Uhr,Unknown,Male,3,1,0,0,0,0,0,0,0,0,0,0,0,1,0,0,0,0,0,0,0
000022_1306217,1306217,"Property Damage, Arson","Senftenberger Ring, Reinickendorf",2023,21.03,10.35 Uhr,Unknown,Unknown,5,Unknown,0,0,0,0,0,0,0,0,0,1,0,0,0,0,0,0,0,0,0
000023_1306131,1306131,"General Assault, Verbal Abuse, Property Damage","Reinickendorf, Simmelstraße",2023,21.03,1.20 Uhr,Female,Male,1,1,0,0,0,0,0,0,0,0,0,1,0,1,0,0,0,0,0,0,0
000024_1305808,1305808,"Property Crime, Burglary","Klosterstraße, Spandau",2023,20.03,4.30 Uhr,Unknown,Male,Unknown,2,0,0,0,0,0,0,0,0,0,0,0,0,0,0,0,0,0,0,0
000025_1305498,1305498,"Property Crime, Theft",Prenzlauer Berg,2023,19.03,3 Uhr,Unknown,Male,Unknown,3,0,0,0,0,0,0,0,0,0,0,0,0,0,0,0,0,0,0,0
000026_1305496,1305496,"General Assault, Verbal Abuse, Hate Crime - Racial/Ethnicity","Brunnenstraße, Mitte",2023,19.03,16.30 Uhr,Male,Male,1,2,0,0,0,0,0,0,1,0,0,0,0,1,0,0,0,0,0,0,0
000027_1305485,1305485,"Burglary, Property Damage",Marzahn-Hellersdorf,2023,18.03,19 Uhr,Unknown,Male,2,2,0,0,0,0,0,0,0,0,0,1,0,0,0,0,0,0,0,0,0
000028_1305483,1305483,Unclassified,"Berlepschstraße, Steglitz-Zehlendorf",2023,18.03.2023,8 Uhr,Unknown,Unknown,Unknown,Unknown,0,0,0,0,0,0,0,0,0,0,0,0,0,0,0,0,0,0,1
000029_1304726,1304726,"Verbal Abuse, General Assault","Schulenburgring, Tempelhof-Schöneberg",2023,16.03,22 Uhr,Female,Female,1,Unknown,0,0,0,0,0,0,0,0,0,0,0,1,0,0,0,0,0,0,0
000030_1304657,1304657,Human Trafficking,Berlin/Halle(Saale)/Hof,2023,15.03,Unknown,Unknown,Male,Unknown,5,0,0,0,0,0,0,0,0,0,0,0,0,0,0,0,0,0,0,0
000031_1304388,1304388,Property Damage,"Pistoriusstraße, Weißensee",2023,15.03,12 Uhr,Male,Male,1,1,0,0,0,0,0,0,0,0,0,1,0,0,0,0,0,0,0,0,0
000032_1303920,1303920,"General Assault, Verbal Abuse, Property Damage","Klingsorstraße, Steglitz-Zehlendorf",2023,14.03,16 Uhr,Male,Male,1,1,0,0,0,0,0,0,0,0,0,1,0,1,0,0,0,0,0,0,0
000033_1303633,1303633,Unclassified,Dahme,2023,16.02,Unknown,Male,Unknown,1,Unknown,0,0,0,0,0,0,0,0,0,0,0,0,0,0,0,0,0,0,1
000034_1303599,1303599,"Property Damage, Attempted Theft","Marienfelde, Hildburghauser Straße",2023,13.03,6-8 Uhr,Unknown,Unknown,0,Unknown,0,0,0,0,0,0,0,0,0,1,0,0,0,0,0,0,0,0,0
000001_1319651,1319651,"Homicide, Property Damage",Kreuzung Uhlandstraße/Berliner Straße,2023,2.05,4.15 Uhr,Male,Male,1,2,1,0,0,0,0,0,0,0,0,1,0,0,0,0,0,0,0,0,0
000002_1319382,1319382,"Property Damage, General Assault","Rue Georges Vallerey, Alt-Wittenau, Gorkistraße",2023,2.05,19 Uhr,Female,Female,2,1,0,0,0,0,0,0,0,0,0,1,0,1,0,0,0,0,0,0,0
000003_1319160,1319160,"Property Damage, Arso","Zittauer Straße, Neuköll",2023,2.05,23 Uhr,Unknow,Unknow,2,Unknow,0,0,0,0,0,0,0,0,0,1,0,0,0,0,0,0,0,0,0
000004_1319076,1319076,"General Assault, Property Crimes (Attempted Robbery)","U-Bahnhof Kottbusser Tor, Friedrichshain-Kreuzberg",2023,2.05,20 Uhr,Male,Male,1,4,0,0,0,0,0,0,0,0,0,0,0,1,0,0,0,0,0,0,0
000005_1319004,1319004,"General Assault, Property Damage",Wundtstraße Ecke Kaiserdamm,2023,1.05,10.40 Uhr,Male,Male,2,1,0,0,0,0,0,0,0,0,0,1,0,1,0,0,0,0,0,0,0
000006_1318985,1318985,"General Assault, Verbal Abuse, Property Damage (Reizstoffsprühgerät)","Tempelhof-Schöneberg, Hauptstraße",2023,1.05,1.30 Uhr,Male,Male,2,3,0,0,0,0,0,0,0,0,0,0,0,1,0,0,0,0,0,0,0
000007_1318978,1318978,"Drug Offenses, Property Damage",Charlottenburg-Nord,2023,30.04,3.20 Uhr,Unknow,Male,0,2,0,0,0,0,0,0,0,0,0,1,1,0,0,0,0,0,0,0,0
000008_1318975,1318975,"Property Crime, General Assault","Lützowplatz, Tiergarte",2023,30.04,0.50 Uhr,Unknow,Male,Unknow,3,0,0,0,0,0,0,0,0,0,0,0,1,0,0,0,0,0,0,0
000009_1318972,1318972,"Property Damage, Driving Under the Influence","Adlershof, Treptow-Köpenick",2023,30.04,21.30 Uhr,Female,Female,1,1,0,0,0,0,0,0,0,0,0,1,0,0,0,0,0,0,0,0,0
000010_1318968,1318968,"Property Crime, General Assault","Gaußstraße, S-Bahnhof Jungfernheide",2023,29.04,19 Uhr,Male,Male,3,1,0,0,0,0,0,0,0,0,0,0,0,1,0,0,0,0,0,0,0
000001_1323094,1323094,"General Assault, Verbal Abuse, Property Damage",Gesundbrunne,2023,11.05,16.20 Uhr,Male,Male,1,2,0,0,0,0,0,0,0,0,0,1,0,1,0,0,0,0,0,0,0
000002_1323059,1323059,"Theft, Property Damage",Müllerstraße,2023,11.05,Unknow,Unknow,Male,Unknow,2,0,0,0,0,0,0,0,0,0,1,0,0,0,0,0,0,0,0,0
000003_1322998,1322998,"General Assault, Verbal Abuse",Charlottenburg-Wilmersdorf,2023,11.05,20.45 Uhr,Male,Male,1,1,0,0,0,0,0,0,0,0,0,0,0,1,0,0,0,0,0,0,0
000004_1322990,1322990,"General Assault, Verbal Abuse, Property Damage",Pankow,2023,11.05,22 Uhr,Male,Male,1,1,0,0,0,0,0,0,0,0,0,1,0,1,0,0,0,0,0,0,0
000005_1322800,1322800,"Property Crime, General Assault","Friedrichsfelde, Brandenburg",2023,10.05,6 Uhr,Male,Male,1,2,0,0,0,0,0,0,0,0,0,0,0,1,0,0,0,0,0,0,0
000006_1322362,1322362,"General Assault, Verbal Abuse, Property Damage",Marzahn-Hellersdorf,2023,10.05,2.20 Uhr,Male,Male,1,1,0,0,0,0,0,0,0,0,0,1,0,1,0,0,0,0,0,0,0
000007_1322358,1322358,"General Assault, Verbal Abuse, Property Damage",Staake,2023,10.05,15.50 Uhr,Female,Male,1,1,0,0,0,0,0,0,0,0,0,1,0,1,0,0,0,0,0,0,0
000008_1321796,1321796,"General Assault, Property Damage","Rhinstraße, Lichtenberg",2023,9.05,14.30 Uhr,Female,Male,1,1,0,0,0,0,0,0,0,0,0,1,0,1,0,0,0,0,0,0,0
000009_1321792,1321792,"General Assault, Verbal Abuse, Homicide","Hakenfelde, Berli",2023,9.05,16.45 Uhr,Male,Male,1,1,1,0,0,0,0,0,0,0,0,0,0,1,0,0,0,0,0,0,0
000010_1321789,1321789,"General Assault, Verbal Abuse, Property Damage, Robbery","Marienfelde, Berli",2023,9.05,22.45 Uhr,"Male, Female",Male,2,3,0,0,0,0,0,0,0,0,0,1,0,1,0,0,0,0,0,0,0
000011_1321721,1321721,"Verbal Abuse, General Assault",Reinickendorf,2023,8.05,9.15 Uhr,Female,Male,1,1,0,0,0,0,0,0,0,0,0,0,0,1,0,0,0,0,0,0,0
000012_1321671,1321671,Property Damage,Berlinweit,2023,8.05,Unknow,Unknow,Unknow,Unknow,Unknow,0,0,0,0,0,0,0,0,0,1,0,0,0,0,0,0,0,0,0
000013_1321461,1321461,"Property Crime, General Assault",Neuköll,2023,8.05,4 Uhr,Unknow,Male,1,1,0,0,0,0,0,0,0,0,0,0,0,1,0,0,0,0,0,0,0
000014_1321458,1321458,"General Assault, Verbal Abuse, Property Damage","U-Bahnhof Leopoldplatz, Fehmarner Straße",2023,8.05,21.20 Uhr,Male,Male,1,3,0,0,0,0,0,0,0,0,0,1,0,1,0,0,0,0,0,0,0
000015_1321405,1321405,"General Assault, Verbal Abuse, Hate Crime Ethnicity",Tiergarte,2023,8.05,16.45 Uhr,Male,Male,1,1-3.,0,0,0,0,0,0,0,0,0,0,0,1,0,0,0,0,0,0,0
000016_1321333,1321333,"General Assault, Verbal Abuse, Property Damage",Friedrichshain-Kreuzberg,2023,8.05,19 Uhr,Unknow,Male,0,1,0,0,0,0,0,0,0,0,0,1,0,1,0,0,0,0,0,0,0
000001_1314890,1314890,"Property Damage, Arson","Pankow, Straßburger Straße",2023,18.04,15 Uhr,Unknown,Male,Unknown,1,0,0,0,0,0,0,0,0,0,1,0,0,0,0,0,0,0,0,0
000002_1314846,1314846,Property Damage,Dahlwitzer Landstraße,2023,18.04,22.10 Uhr,Male,Male,2,1,0,0,0,0,0,0,0,0,0,1,0,0,0,0,0,0,0,0,0
000003_1314805,1314805,"General Assault, Property Damage","Kummerower Ring, Marzahn-Hellersdorf",2023,18.04,20.30 Uhr,Male,Male,1,1,0,0,0,0,0,0,0,0,0,1,0,1,0,0,0,0,0,0,0
000004_1314802,1314802,"Property Crime, Theft","Prenzlauer Berg, Danziger Straße",2023,18.04,23 Uhr,Female,Female,2,1,0,0,0,0,0,0,0,0,0,0,0,0,0,0,0,0,0,0,0
000005_1314797,1314797,"Property Crime, Burglary","Neuen Kantstraße, Kurfürstendamm",2023,18.04,9.30 Uhr,Unknown,Male,Unknown,4,0,0,0,0,0,0,0,0,0,0,0,0,0,0,0,0,0,0,0
000006_1314346,1314346,"Property Crime, Attempted Theft","Berlichingenstraße, Moabit",2023,17.04,Mitternacht,Unknown,Male,Unknown,3,0,0,0,0,0,0,0,0,0,0,0,0,0,0,0,0,0,0,0
000007_1313963,1313963,"General Assault, Verbal Abuse","Adalbertstraße, Friedrichshain-Kreuzberg",2023,16.04,4 Uhr,Male,Male,1,1,0,0,0,0,0,0,0,0,0,0,0,1,0,0,0,0,0,0,0
000008_1313962,1313962,"Drug Offenses, Property Crimes","Alice-Berendt-Straße Ecke Ingeborg-Drewitz-Allee, Moabit",2023,16.04,20 Uhr,Unknown,Male,Unknown,2,0,0,0,0,0,0,0,0,0,0,1,0,0,0,1,0,0,0,0
000009_1313961,1313961,"General Assault, Property Damage","Wrangelstraße, Görlitzer Park",2023,16.04,12 Uhr,Male,Male,1,1,0,0,0,0,0,0,0,0,0,1,0,1,0,0,0,0,0,0,0
000010_1313960,1313960,"General Assault, Property Damage, Verbal Abuse","Marienfelde, Diedersdorfer Weg, Marienfelder Allee",2023,16.04,21 Uhr,Male,Male,1,Multiple,0,0,0,0,0,0,0,0,0,1,0,1,0,0,0,0,0,0,0
000011_1313959,1313959,"General Assault, Verbal Abuse",Marzahn-Hellersdorf,2023,16.04,18 Uhr,"Female, Male",Male,2,1,0,0,0,0,0,0,0,0,0,0,0,1,0,0,0,0,0,0,0
000012_1313957,1313957,Property Damage,Treptow-Köpenick,2023,15.04,1.20 Uhr,Male,Unknown,1,Unknown,0,0,0,0,0,0,0,0,0,1,0,0,0,0,0,0,0,0,0
000013_1313955,1313955,"Property Damage, Driving Under the Influence","Gensinger Straße, Friedrichsfelde, Lichtenberg",2023,15.04,8 Uhr,Male,Male,2,1,0,0,0,0,0,0,0,0,0,1,0,0,0,0,0,0,0,0,0
000014_1313954,1313954,Property Damage,"Neu-Hohenschönhausen, Welserstraße",2023,15.04,3.15 Uhr,Female,Unknown,1,Unknown,0,0,0,0,0,0,0,0,0,1,0,0,0,0,0,0,0,0,0
000015_1313952,1313952,Homicide,Marzahn-Hellersdorf,2023,15.04,4.30 Uhr,Male,Unknown,1,Unknown,1,0,0,0,0,0,0,0,0,0,0,0,0,0,0,0,0,0,0
000016_1313901,1313901,"General Assault, Property Damage","Staakener Straße, Spandau",2023,14.04,19 Uhr,Male,Male,1,1,0,0,0,0,0,0,0,0,0,1,0,1,0,0,0,0,0,0,0
000017_1313835,1313835,Unclassified,Berlinweit,2023,14.04,Unknown,Unknown,Unknown,Unknown,Unknown,0,0,0,0,0,0,0,0,0,0,0,0,0,0,0,0,0,0,1
000018_1313780,1313780,Property Damage,"Siemensdamm, Charlottenburg-Nord",2023,14.04,21.40 Uhr,Female,Male,2,1,0,0,0,0,0,0,0,0,0,1,0,0,0,0,0,0,0,0,0
000019_1313742,1313742,"Verbal Abuse, Threatening",Johannisthal,2023,14.04,11.40 Uhr,Male,Male,1,1,0,0,0,0,0,0,0,0,0,0,0,0,0,0,0,0,0,0,0
000020_1313666,1313666,"General Assault, Property Damage",Friedrichshain-Kreuzberg,2023,14.04,Unknown,Unknown,Unknown,Unknown,Unknown,0,0,0,0,0,0,0,0,0,1,0,1,0,0,0,0,0,0,0
000001_1301402,1301402,"General Assault, Property Damage, Verbal Abuse",Oranienplatz,2023,5.03,3 Uhr,Male,Male,1,1,0,0,0,0,0,0,0,0,0,1,0,1,0,0,0,0,0,0,0
000002_1301401,1301401,"Property Damage, Possession of a Firearm, Possession of a Prohibited Weapon",Neukölln,2023,5.03,Unknown,Unknown,Male,Unknown,1,0,0,0,0,0,0,0,0,0,1,0,0,0,0,0,0,0,0,0
000003_1301399,1301399,"Verbal Abuse, Hate Crime - Religious (Anti-Jewish)",Neukölln,2023,5.03,19.20 Uhr,Male,Male,1,1,0,0,0,0,0,0,0,0,0,0,0,0,0,0,0,0,0,0,0
000004_1301398,1301398,"General Assault, Verbal Abuse, Property Damage",Britz,2023,5.03,Unknown,Male,Male,1,5-6,0,0,0,0,0,0,0,0,0,1,0,1,0,0,0,0,0,0,0
000005_1301379,1301379,Property Damage,Boyenstraße,2023,4.03,2 Uhr,Male,Unknown,1,Unknown,0,0,0,0,0,0,0,0,0,1,0,0,0,0,0,0,0,0,0
000006_1301356,1301356,"General Assault, Property Damage",Neu-Hohenschönhausen,2023,4.03,22.45 Uhr,Male,Male,2,2,0,0,0,0,0,0,0,0,0,1,0,1,0,0,0,0,0,0,0
000001_1310854,1310854,"General Assault, Verbal Abuse, Resisting Arrest","Schlesische Straße, Friedrichshain-Kreuzberg",2023,2.04,Mitternacht,Male,Male,1,1,0,0,0,0,0,0,0,0,0,0,0,1,0,0,0,0,0,0,0
000002_1310853,1310853,"Homicide, Property Damage","Bastianstraße, Badstraße",2023,2.04,18.30 Uhr,Male,Male,1,1,1,0,0,0,0,0,0,0,0,1,0,0,0,0,0,0,0,0,0
000003_1310847,1310847,"General Assault, Property Damage, Verbal Abuse",Weißenseer Park,2023,1.04,21.30 Uhr,"Male, Female",Male,5,2,0,0,0,0,0,0,0,0,0,1,0,1,0,0,0,0,0,0,0
000004_1310846,1310846,Property Damage,"Lützowstraße, Derfflingerstraße, Lützowplatz",2023,1.04,14.45 Uhr,Unknown,Male,Unknown,2,0,0,0,0,0,0,0,0,0,1,0,0,0,0,0,0,0,0,0
000005_1310845,1310845,Property Damage,"Werner-Voß-Damm, Tempelhof-Schöneberg",2023,1.04,22.15 Uhr,Male,Male,1,1,0,0,0,0,0,0,0,0,0,1,0,0,0,0,0,0,0,0,0
000006_1310571,1310571,Property Damage,"Lehrter Straße, Moabit",2023,31.03,16.55 Uhr,Female,Male,1,1,0,0,0,0,0,0,0,0,0,1,0,0,0,0,0,0,0,0,0
000007_1310086,1310086,"Burglary, Property Damage","Gerolsteiner Straße, Charlottenburg-Wilmersdorf",2023,30.03,8.45 Uhr,Female,Male,1,1,0,0,0,0,0,0,0,0,0,1,0,0,0,0,0,0,0,0,0
000008_1309908,1309908,"Property Damage, General Assault","Rhinstraße/Allee der Kosmonauten, Marzahn-Hellersdorf",2023,30.03,17 Uhr,Male,Male,1,1,0,0,0,0,0,0,0,0,0,1,0,1,0,0,0,0,0,0,0
000009_1309906,1309906,"Property Crime, General Assault, Verbal Abuse","Pankow, Damerowstraße",2023,30.03,21.10 Uhr,Female,Male,1,2-3,0,0,0,0,0,0,0,0,0,0,0,1,0,0,0,0,0,0,0
000010_1309904,1309904,"General Assault, Property Damage","Erasmusstraße, Moabit",2023,30.03,15.35 Uhr,Male,Male,1,2,0,0,0,0,0,0,0,0,0,1,0,1,0,0,0,0,0,0,0
000011_1309422,1309422,"Property Crime, Theft","Otisstraße, Reinickendorf",2023,29.03,23.30 Uhr,Unknown,Male,Unknown,4,0,0,0,0,0,0,0,0,0,0,0,0,0,0,0,0,0,0,0
000012_1309333,1309333,Homicide,"Goebelstraße, Charlottenburg-Nord",2023,29.03,2.20 Uhr,Male,Unknown,1,Unknown,1,0,0,0,0,0,0,0,0,0,0,0,0,0,0,0,0,0,0
000013_1309030,1309030,"Property Crimes, Drug Offenses","Niedersachsen, Brandenburg, Berlin",2023,28.03,Unknown,Unknown,Male,Unknown,3,0,0,0,0,0,0,0,0,0,0,1,0,0,0,1,0,0,0,0
000014_1309009,1309009,"Verbal Abuse, General Assault, Property Damage","Friedrichshain-Kreuzberg, Gitschiner Straße",2023,28.03,13.45 Uhr,Female,Female,1,1,0,0,0,0,0,0,0,0,0,1,0,1,0,0,0,0,0,0,0
000015_1309003,1309003,"Property Damage, Unclassified","Lausanner Straße, Lichterfelde",2023,28.03,1.45 Uhr,Unknown,Unknown,0,Unknown,0,0,0,0,0,0,0,0,0,1,0,0,0,0,0,0,0,0,1
000016_1308997,1308997,"Verbal Abuse, General Assault","Lea-Grundig-Straße, Marzahn-Hellersdorf",2023,28.03,21.20 Uhr,"Male, Female",Male,3,1,0,0,0,0,0,0,0,0,0,0,0,1,0,0,0,0,0,0,0
000017_1308850,1308850,"Homicide, General Assault, Verbal Abuse, Property Damage","Forster Straße, Friedrichshain-Kreuzberg",2023,28.03,Mitternacht,"Female, Male",Male,2,1,1,0,0,0,0,0,0,0,0,1,0,1,0,0,0,0,0,0,0
000018_1308637,1308637,Property Damage,Marienfelde,2023,27.03,6.15 Uhr,Male,Male,1,1,0,0,0,0,0,0,0,0,0,1,0,0,0,0,0,0,0,0,0
000019_1308158,1308158,"General Assault, Property Damage",Reinickendorf,2023,26.03,15.30 Uhr,Male,Male,1,1,0,0,0,0,0,0,0,0,0,1,0,1,0,0,0,0,0,0,0
000020_1308155,1308155,"Homicide, Property Damage","Kranoldstraße, Neukölln",2023,26.03,16.30 Uhr,Male,Male,1,1,1,0,0,0,0,0,0,0,0,1,0,0,0,0,0,0,0,0,0
000001_1313581,1313581,"Verbal Abuse, Hate Crime - Religious","Beusselstraße, Moabit",2023,14.04,23.30 Uhr,Female,Female,3,1,0,0,0,0,1,0,0,0,0,0,0,0,0,0,0,0,0,0,0
000002_1313470,1313470,"Property Damage, Computer Sabotage",Steglitz-Zehlendorf,2023,13.04,10.40 Uhr,Unknown,Male,Unknown,1,0,0,0,0,0,0,0,0,0,1,0,0,0,0,0,0,0,0,0
000003_1313395,1313395,"General Assault, Property Damage",Marzahn-Hellersdorf,2023,13.04,17.30 Uhr,Male,Male,2,1,0,0,0,0,0,0,0,0,0,1,0,1,0,0,0,0,0,0,0
000004_1313332,1313332,"Property Crimes, General Assault","Nikolsburger Straße, Charlottenburg-Wilmersdorf",2023,13.04,3.20 Uhr,Unknown,Male,Unknown,3,0,0,0,0,0,0,0,0,0,0,0,1,0,0,1,0,0,0,0
000005_1313144,1313144,"Property Damage, General Assault, Verbal Abuse",Frankfurter Allee,2023,13.04,16.20 Uhr,"Male, Female",Male,2,1,0,0,0,0,0,0,0,0,0,1,0,1,0,0,0,0,0,0,0
000006_1313131,1313131,"General Assault, Property Damage",Hackeschen Markt,2023,13.04,21.20 Uhr,Male,Male,1,1,0,0,0,0,0,0,0,0,0,1,0,1,0,0,0,0,0,0,0
000007_1312621,1312621,Verbal Abuse,U-Bahnhof Schönleinstraße,2023,11.04,15.30 Uhr,Female,Male,1,2,0,0,0,0,0,0,0,0,0,0,0,0,0,0,0,0,0,0,0
000008_1312452,1312452,"General Assault, Verbal Abuse, Property Damage, Theft","Wedding, Reinickendorfer Straße",2023,11.04,22.35 Uhr,"Male, Female",Male,4,5,0,0,0,0,0,0,0,0,0,1,0,1,0,0,0,0,0,0,0
000009_1312389,1312389,"Property Damage, Arson","Klausdorfer Straße, Marzahn-Hellersdorf",2023,10.04,3.15 Uhr,Unknown,Male,Unknown,1,0,0,0,0,0,0,0,0,0,1,0,0,0,0,0,0,0,0,0
000010_1312388,1312388,"Property Crime, General Assault",Reinickendorf,2023,10.04,Unknown,Female,Male,1,4,0,0,0,0,0,0,0,0,0,0,0,1,0,0,0,0,0,0,0
000011_1312387,1312387,"Property Damage, Drug Offenses, Unclassified",Treptow-Köpenick,2023,10.04,3 Uhr,Unknown,Male,Unknown,1,0,0,0,0,0,0,0,0,0,1,1,0,0,0,0,0,0,0,1
000012_1312384,1312384,"Property Damage, Verbal Abuse, General Assault","Tempelhof-Schöneberg, Friedrich-Wilhelm-Straße",2023,10.04,22.00 Uhr,Male,Female,1,1,0,0,0,0,0,0,0,0,0,1,0,1,0,0,0,0,0,0,0
000013_1312378,1312378,"Property Damage, Homicide","Prenzlauer Berg, Hanns-Eisler-Straße",2023,10.04,15.50 Uhr,Female,Unknown,1,Unknown,1,0,0,0,0,0,0,0,0,1,0,0,0,0,0,0,0,0,0
000014_1312377,1312377,"Property Damage, Unclassified","Krummenseer Straße, Marzahn-Hellersdorf",2023,8.04,19 Uhr,Unknown,Unknown,Unknown,Unknown,0,0,0,0,0,0,0,0,0,1,0,0,0,0,0,0,0,0,1
000015_1312361,1312361,Property Damage,Reinickendorf/ Neukölln,2023,7.04,23.40 Uhr,Unknown,Male,Unknown,1,0,0,0,0,0,0,0,0,0,1,0,0,0,0,0,0,0,0,0
000016_1312357,1312357,"General Assault, Verbal Abuse","Ernst-Keller-Brücke, Britz",2023,7.04,Mitternacht,Male,Male,2,4,0,0,0,0,0,0,0,0,0,0,0,1,0,0,0,0,0,0,0
000017_1312356,1312356,"Property Crime, General Assault","Ostpreußendamm, Lichterfelde",2023,7.04,21.30 Uhr,Unknown,Male,1,3,0,0,0,0,0,0,0,0,0,0,0,1,0,0,0,0,0,0,0
000001_1323865,1323865,"Robbery, General Assault, Verbal Abuse",Friedrichshain-Kreuzberg,2023,12.05,22 Uhr,Female,Male,1,1,0,0,0,0,0,0,0,0,0,0,0,1,0,0,0,0,0,0,0
000002_1323864,1323864,"General Assault, Verbal Abuse",Alexanderplatz,2023,13.05,21.30 Uhr,Male,Male,3,6-8,0,0,0,0,0,0,0,0,0,0,0,1,0,0,0,0,0,0,0
000003_1323758,1323758,"General Assault, Verbal Abuse",Prenzlauer Berg,2023,12.05,15.30 Uhr,Male,Male,1,3,0,0,0,0,0,0,0,0,0,0,0,1,0,0,0,0,0,0,0
000004_1323748,1323748,"Property Damage, Arso",Reinickendorf,2023,12.05,18.40 Uhr,Unknow,Unknow,0,Unknow,0,0,0,0,0,0,0,0,0,1,0,0,0,0,0,0,0,0,0
000005_1323604,1323604,"Homophobia, Verbal Abuse, General Assault, Property Damage","Sonnenallee/Weichselstr., Neuköll",2023,12.05,21.50 Uhr,Male,Male,2,3,0,0,0,0,0,0,0,0,0,1,0,1,0,0,0,0,0,0,0
000006_1323582,1323582,"Property Damage, Arso",Marzahn-Hellersdorf,2023,12.05,Unknow,Unknow,Unknow,0,Unknow,0,0,0,0,0,0,0,0,0,1,0,0,0,0,0,0,0,0,0
000001_1303315,1303315,"Property Damage, Arson","Schmöckwitz, Treptow-Köpenick",2023,12.03,1.15 Uhr,Unknown,Unknown,0,Unknown,0,0,0,0,0,0,0,0,0,1,0,0,0,0,0,0,0,0,0
000002_1303314,1303314,"General Assault, Verbal Abuse, Property Damage",Hallesches Ufer/Schöneberger Straße,2023,12.03,0.10 Uhr,Male,Male,1,5,0,0,0,0,0,0,0,0,0,1,0,1,0,0,0,0,0,0,0
000003_1303312,1303312,"Property Damage, General Assault","Von-Luck-Straße, Nikolassee",2023,12.03,20.45 Uhr,Female,Unknown,2,Unknown,0,0,0,0,0,0,0,0,0,1,0,1,0,0,0,0,0,0,0
000004_1303309,1303309,"Property Crimes, General Assault",Adlershof,2023,12.03,23.30 Uhr,Unknown,Male,0,3,0,0,0,0,0,0,0,0,0,0,0,1,0,0,1,0,0,0,0
000005_1303291,1303291,"Robbery, General Assault",Marienfelder Allee,2023,11.03,0.20 Uhr,Male,Male,1,3,0,0,0,0,0,0,0,0,0,0,0,1,0,0,0,0,0,0,0
000006_1303280,1303280,"Property Crime, Attempted Theft","Berliner Straße/Biedenkopfer Straße, Reinickendorf",2023,11.03,1.30 Uhr,Unknown,Male,Unknown,3,0,0,0,0,0,0,0,0,0,0,0,0,0,0,0,0,0,0,0
000007_1303278,1303278,"Property Damage, Arson","Mühlenstraße, Friedrichshain-Kreuzberg",2023,11.03,21.40 Uhr,Unknown,Male,Unknown,2,0,0,0,0,0,0,0,0,0,1,0,0,0,0,0,0,0,0,0
000008_1303237,1303237,"Property Damage, Attempted Arson","Herzbergstraße, Lichtenberg",2023,10.03,3.45 Uhr,Unknown,Unknown,0,1-n,0,0,0,0,0,0,0,0,0,1,0,0,0,0,0,0,0,0,0
000009_1303228,1303228,"General Assault, Verbal Abuse, Property Damage","Alexander-Meißner-Straße, Treptow-Köpenick",2023,10.03,18.30 Uhr,Male,Male,1,1,0,0,0,0,0,0,0,0,0,1,0,1,0,0,0,0,0,0,0
000010_1303063,1303063,Unclassified,Berlinweit,2023,10.03,18 Uhr,Unknown,Unknown,Unknown,Unknown,0,0,0,0,0,0,0,0,0,0,0,0,0,0,0,0,0,0,1
000011_1303026,1303026,"Verbal Abuse, General Assault","Wilhelmstraße, Friedrichshain-Kreuzberg",2023,10.03,14.15 Uhr,Male,Male,1,4,0,0,0,0,0,0,0,0,0,0,0,1,0,0,0,0,0,0,0
000012_1302935,1302935,"Homicide, General Assault","Akeleiweg, Johannisthal, Treptow-Köpenick",2023,10.03,0.55 Uhr,Female,Male,1,1,1,0,0,0,0,0,0,0,0,0,0,1,0,0,0,0,0,0,0
000013_1302915,1302915,"Property Damage, General Assault","Friedrichshagener Straße, Treptow-Köpenick",2023,10.03,15.35 Uhr,Female,Male,1,1,0,0,0,0,0,0,0,0,0,1,0,1,0,0,0,0,0,0,0
000014_1302731,1302731,Unclassified,Berlinweit,2023,9.03,Unknown,Unknown,Unknown,Unknown,Unknown,0,0,0,0,0,0,0,0,0,0,0,0,0,0,0,0,0,0,1
000015_1302609,1302609,"Property Damage, Hate Crime - Racial/Ethnicity","Buckow, Rudower Straße Ecke Möwenweg",2023,9.03,13 Uhr,Unknown,Unknown,Unknown,Unknown,0,0,0,0,0,0,1,0,0,1,0,0,0,0,0,0,0,0,0
000016_1302533,1302533,"Property Crime, Theft",Alt-Hohenschönhausen,2023,9.03,22.05 Uhr,Unknown,Male,Unknown,2,0,0,0,0,0,0,0,0,0,0,0,0,0,0,0,0,0,0,0
000017_1302514,1302514,"Property Damage, Homicide",Schöneberger Ufer,2023,9.03,Mitternacht,Female,Male,1,1,1,0,0,0,0,0,0,0,0,1,0,0,0,0,0,0,0,0,0
000018_1302418,1302418,"Property Crime, Verbal Abuse, General Assault",Tempelhof-Schöneberg,2023,8.03,5.15 Uhr,Female,Male,1,2,0,0,0,0,0,0,0,0,0,0,0,1,0,0,0,0,0,0,0
000019_1302417,1302417,"Robbery, General Assault, Verbal Abuse","Suhler Straße, Hellersdorf, Marzahn-Hellersdorf",2023,8.03,Unknown,Male,Male,1,2,0,0,0,0,0,0,0,0,0,0,0,1,0,0,0,0,0,0,0
000020_1302399,1302399,"General Assault, Property Damage",Hansaviertel,2023,8.03,Mitternacht,Male,Male,1,2,0,0,0,0,0,0,0,0,0,1,0,1,0,0,0,0,0,0,0
000021_1302395,1302395,"Property Damage, Arson",Rummelsburg,2023,8.03,23.15 Uhr,Unknown,Unknown,3,Unknown,0,0,0,0,0,0,0,0,0,1,0,0,0,0,0,0,0,0,0
000022_1302306,1302306,"Verbal Abuse, Hate Crime - Sexual Orientation",Tempelhof-Schöneberg,2023,7.03,19.10 Uhr,Male,Male,2,2,0,0,0,0,0,0,0,0,0,0,0,0,0,0,0,0,0,0,0
000023_1302088,1302088,"Property Damage, Possession of Illegal Firearms","Torweg, Spandau",2023,7.03,22.30 Uhr,Male,Male,1,5,0,0,0,0,0,0,0,0,0,1,0,0,0,0,0,0,0,0,0
000024_1302066,1302066,"General Assault, Property Damage, Verbal Abuse",Kladower Damm,2023,7.03,17.20 Uhr,Male,Male,2,1,0,0,0,0,0,0,0,0,0,1,0,1,0,0,0,0,0,0,0
000025_1302034,1302034,Property Crime,Charlottenburg-Wilmersdorf,2023,14.03,Unknown,Unknown,Unknown,Unknown,Unknown,0,0,0,0,0,0,0,0,0,0,0,0,0,0,0,0,0,0,0
000026_1301403,1301403,"Homicide, General Assault","Erfurter Straße, Tempelhof-Schöneberg",2023,5.03,2.15 Uhr,Male,Male,1,1,1,0,0,0,0,0,0,0,0,0,0,1,0,0,0,0,0,0,0
000001_1321333,1321333,"General Assault, Verbal Abuse, Property Damage","Mehringplatz, Friedrichshain-Kreuzberg",2023,8.05,19 Uhr,Unknow,Male,Unknow,1,0,0,0,0,0,0,0,0,0,1,0,1,0,0,0,0,0,0,0
000001_1327165,1327165,"Verbal Abuse, Hate Crime Sexual Orientatio","Adlershof, Treptow-Köpenick",2023,23.05,19 Uhr,Female,Male,1,1,0,0,0,0,0,0,0,0,0,0,0,0,0,0,0,0,0,0,0
000002_1326764,1326764,"General Assault, Verbal Abuse, Property Damage (Schusswaffe)","Neuen Hochstraße, Gesundbrunne",2023,22.05,21.45 Uhr,Male,Male,1,2,0,0,0,0,0,0,0,0,0,0,0,1,0,0,0,0,0,0,0
000003_1326665,1326665,"Property Damage, General Assault",Landsberger Allee/ Siegfriedstraße/ Liebenwalder Straße,2023,22.05,14.45 Uhr,"Male, Female",Male,4,1,0,0,0,0,0,0,0,0,0,1,0,1,0,0,0,0,0,0,0
000004_1326587,1326587,"Property Crime, Property Damage",Friedrichshain-Kreuzberg,2023,21.05,23.40 Uhr,Unknow,Male,Unknow,1,0,0,0,0,0,0,0,0,0,1,0,0,0,0,0,0,0,0,0
000005_1326585,1326585,"General Assault, Verbal Abuse, Property Damage","Karl-Marx-Platz, Neuköll",2023,21.05,23.30 Uhr,Male,Female and Male,4,Unknow,0,0,0,0,0,0,0,0,0,1,0,1,0,0,0,0,0,0,0
000006_1326583,1326583,"General Assault, Verbal Abuse, Property Damage, Property Crimes",Prenzlauer Berg,2023,21.05,3.35 Uhr,Male,Male,2,2,0,0,0,0,0,0,0,0,0,1,0,1,0,0,1,0,0,0,0
000007_1326582,1326582,"General Assault, Property Damage",Lichtenberg,2023,21.05,23.45 Uhr,Male,Unknow,1,1,0,0,0,0,0,0,0,0,0,1,0,1,0,0,0,0,0,0,0
000008_1326580,1326580,"Homicide, Property Damage",Marzahn-Hellersdorf,2023,20.05,3.40 Uhr,Male,Unknow,1,Unknow,1,0,0,0,0,0,0,0,0,1,0,0,0,0,0,0,0,0,0
000009_1326575,1326575,"Sexual Harassment, Verbal Abuse",Marzahn-Hellersdorf,2023,20.05,21.45 Uhr,Female,Male,1,1,0,0,0,0,0,0,0,0,0,0,0,0,0,1,0,0,0,0,0
000010_1326566,1326566,"General Assault, Verbal Abuse, Property Damage",Marzahn-Hellersdorf,2023,20.05,0 Uhr,Male,Male,8,9-14,0,0,0,0,0,0,0,0,0,1,0,1,0,0,0,0,0,0,0
000001_1316869,1316869,"Verbal Abuse, General Assault",U-Bahnhof Neukölln,2023,25.04,14.40 Uhr,Female,Unknown,2,1,0,0,0,0,0,0,0,0,0,0,0,1,0,0,0,0,0,0,0
000002_1316828,1316828,"General Assault, Property Damage",Perleberger Straße,2023,25.04,17.40 Uhr,Male,Male,1,2,0,0,0,0,0,0,0,0,0,1,0,1,0,0,0,0,0,0,0
000003_1316811,1316811,"General Assault, Property Damage","Herzbergstraße, Lichtenberg",2023,25.04,19.30 Uhr,Male,Male,1,1,0,0,0,0,0,0,0,0,0,1,0,1,0,0,0,0,0,0,0
000004_1316681,1316681,"General Assault, Property Damage",Reinickendorf,2023,24.04,8.30 Uhr,Male,Male,1,1,0,0,0,0,0,0,0,0,0,1,0,1,0,0,0,0,0,0,0
000005_1316539,1316539,"Property Crime, Theft","Autohaus in der Franklinstraße, Charlottenburg-Wilmersdorf",2023,24.04,22.40 Uhr,Unknown,Male,Unknown,4,0,0,0,0,0,0,0,0,0,0,0,0,0,0,0,0,0,0,0
000006_1316338,1316338,"General Assault, Property Damage, Verbal Abuse",Friedrichshain-Kreuzberg,2023,23.04,21 Uhr,"Male, Female","Male, Female",11,70,0,0,0,0,0,0,0,0,0,1,0,1,0,0,0,0,0,0,0
000007_1316336,1316336,"Property Crime, General Assault","Streitstraße, Hakenfelde",2023,23.04,19 Uhr,Female,Male,3,1,0,0,0,0,0,0,0,0,0,0,0,1,0,0,0,0,0,0,0
000008_1316331,1316331,"Property Damage, General Assault",Luxemburger Straße Ecke Müllerstraße,2023,22.04,20 Uhr,Male,Male,1,1,0,0,0,0,0,0,0,0,0,1,0,1,0,0,0,0,0,0,0
000009_1316330,1316330,"General Assault, Verbal Abuse, Hate Crime - Sexual Orientation","U-Bahnhof Wittenbergplatz, Tempelhof-Schöneberg",2023,22.04,22 Uhr,Male,Male,1,1,0,0,0,0,0,0,0,0,0,0,0,1,0,0,0,0,0,0,0
000010_1316324,1316324,"General Assault, Property Damage","Jüdisches Krankenhaus, Wedding",2023,21.04,14.30 Uhr,Male,Male,Unknown,1,0,0,0,0,0,0,0,0,0,1,0,1,0,0,0,0,0,0,0
000001_1321203,1321203,"General Assault, Verbal Abuse, Property Damage","Talstraße, Pankow",2023,6.05,0.30 Uhr,Female,Male,2,2,0,0,0,0,0,0,0,0,0,1,0,1,0,0,0,0,0,0,0
000002_1321202,1321202,Property Damage,"Wilhelmstraße, Friedrichshain-Kreuzberg",2023,6.05,8 Uhr,Unknow,Unknow,Unknow,1,0,0,0,0,0,0,0,0,0,1,0,0,0,0,0,0,0,0,0
000003_1321195,1321195,"General Assault, Verbal Abuse",Steglitz-Zehlendorf,2023,6.05,21.00 Uhr,Female,Male,1,Unknow,0,0,0,0,0,0,0,0,0,0,0,1,0,0,0,0,0,0,0
000004_1321151,1321151,"General Assault, Verbal Abuse, Hate Crime Racial",Lankwitz,2023,5.05,5.50 Uhr,Female,Male,1,1,0,0,0,0,0,0,0,0,0,0,0,1,0,0,0,0,0,0,0
000005_1321014,1321014,"General Assault, Verbal Abuse, Property Damage",Reinickendorf,2023,5.05,20.20 Uhr,Male,Male,2,1,0,0,0,0,0,0,0,0,0,1,0,1,0,0,0,0,0,0,0
000001_1324089,1324089,"General Assault, Verbal Abuse, Property Damage",Gesundbrunne,2023,15.05,20 Uhr,Male,Male,2,2,0,0,0,0,0,0,0,0,0,1,0,1,0,0,0,0,0,0,0
000002_1324086,1324086,"General Assault, Verbal Abuse, Property Damage",Marzahn-Hellersdorf,2023,15.05,12.45 Uhr,Male,Male,4,Unknow,0,0,0,0,0,0,0,0,0,1,0,1,0,0,0,0,0,0,0
000003_1324085,1324085,"General Assault, Property Damage",Friedrichshain-Kreuzberg,2023,15.05,16.40 Uhr,Male,Male,2,1,0,0,0,0,0,0,0,0,0,1,0,1,0,0,0,0,0,0,0
000004_1324022,1324022,"Arson, Property Damage",Tempelhof-Schöneberg,2023,15.05,0.30 Uhr,Unknow,Unknow,3,Unknow,0,0,0,0,0,0,0,0,0,1,0,0,0,0,0,0,0,0,0
000005_1324018,1324018,"Property Damage, Arso",Reinickendorf,2023,15.05,0.20 Uhr,Unknow,Unknow,Unknow,Unknow,0,0,0,0,0,0,0,0,0,1,0,0,0,0,0,0,0,0,0
000006_1323946,1323946,"Property Damage, Vandalism, Hate Crime Racial",Steglitz-Zehlendorf,2023,14.05,5 Uhr,Unknow,Male,22,1,0,0,0,0,0,0,0,0,0,1,0,0,0,0,0,0,0,0,0
000007_1323943,1323943,"General Assault, Property Damage",Lichtenberg,2023,14.05,19.45 Uhr,Male,Male,1,Unknow,0,0,0,0,0,0,0,0,0,1,0,1,0,0,0,0,0,0,0
000008_1323942,1323942,"Property Crime, General Assault",Charlottenburg-Wilmersdorf,2023,14.05,11.30 Uhr,Unknow,Male,1,1,0,0,0,0,0,0,0,0,0,0,0,1,0,0,0,0,0,0,0
000009_1323941,1323941,"General Assault, Verbal Abuse, Property Damage","Buckow, Rudower Straße",2023,14.05,23.15 Uhr,Male,Male,1,2,0,0,0,0,0,0,0,0,0,1,0,1,0,0,0,0,0,0,0
000010_1323940,1323940,"Property Crimes, General Assault",Reinickendorf,2023,14.05,19.30 Uhr,Unknow,Male,0,3,0,0,0,0,0,0,0,0,0,0,0,1,0,0,1,0,0,0,0
000011_1323933,1323933,"General Assault, Verbal Abuse, Property Damage, Körperverletzung, Widerstand gegen und tätlichen Angriffs auf Vollstreckungsbeamte, Körperverletzung im Amt","Brentanostraße, Steglitz-Zehlendorf",2023,13.05,2.30 Uhr,"Male, Female",Male,2,1,0,0,0,0,0,0,0,0,0,1,0,1,0,0,0,0,0,0,0
000012_1323928,1323928,"General Assault, Verbal Abuse",Alexanderplatz,2023,13.05,21.30 Uhr,Male,Male,3,6-8,0,0,0,0,0,0,0,0,0,0,0,1,0,0,0,0,0,0,0
000013_1323880,1323880,"Property Crimes, Theft",Wedding,2023,12.05,1.30 Uhr,Unknow,Male,Unknow,3,0,0,0,0,0,0,0,0,0,0,0,0,0,0,1,0,0,0,0
000001_1326317,1326317,"Property Damage, Arso",Gropiusstadt,2023,19.05,18.40 Uhr,Unknow,Unknow,0,Unknow,0,0,0,0,0,0,0,0,0,1,0,0,0,0,0,0,0,0,0
000002_1326306,1326306,"Arson, Property Damage",Friedrichshain-Kreuzberg,2023,19.05,22 Uhr,Unknow,Unknow,Unknow,Unknow,0,0,0,0,0,0,0,0,0,1,0,0,0,0,0,0,0,0,0
000003_1326236,1326236,"General Assault, Verbal Abuse",Treptow-Köpenick,2023,19.05,23.40 Uhr,Male,Male,1,2,0,0,0,0,0,0,0,0,0,0,0,1,0,0,0,0,0,0,0
000004_1326115,1326115,"Property Damage, Vandalism",Tiergarte,2023,18.05,12.30 Uhr,Unknow,Male,Unknow,1,0,0,0,0,0,0,0,0,0,1,0,0,0,0,0,0,0,0,0
000005_1326114,1326114,"Arson, Property Damage",Friedrichshain-Kreuzberg,2023,18.05,23.50 Uhr,Unknow,Unknow,Unknow,Unknow,0,0,0,0,0,0,0,0,0,1,0,0,0,0,0,0,0,0,0
000006_1325520,1325520,"General Assault, Verbal Abuse, Hate Crime Sexual Orientatio",Mehringplatz,2023,17.05,18.30 Uhr,Male,Male,2,4-5,0,0,0,0,0,0,0,0,0,0,0,1,0,0,0,0,0,0,0
000007_1324813,1324813,"General Assault, Verbal Abuse, Property Damage (Messerstich)",Neuköll,2023,16.05,21.50 Uhr,Male,Male,1,1,0,0,0,0,0,0,0,0,0,0,0,1,0,0,0,0,0,0,0
000008_1324622,1324622,"General Assault, Property Damage",Neuköll,2023,16.05,14 Uhr,Male,Unknow,1,Unknow,0,0,0,0,0,0,0,0,0,1,0,1,0,0,0,0,0,0,0
000009_1324559,1324559,Property Damage,Moabit,2023,16.05,1.30 Uhr,Unknow,Unknow,3,Unknow,0,0,0,0,0,0,0,0,0,1,0,0,0,0,0,0,0,0,0
000010_1324245,1324245,"Robbery, General Assault, Verbal Abuse",Reinickendorf,2022,15.08,Unknow,"Male, Female",Male,2,3,0,0,0,0,0,0,0,0,0,0,0,1,0,0,0,0,0,0,0
000001_1316317,1316317,Property Damage,Marzahn-Hellersdorf,2023,21.04,4 Uhr,Unknown,Unknown,0,Unknown,0,0,0,0,0,0,0,0,0,1,0,0,0,0,0,0,0,0,0
000002_1316280,1316280,Property Damage,Wilhelmsruher Damm,2023,21.04,21.30 Uhr,Unknown,Unknown,Unknown,Unknown,0,0,0,0,0,0,0,0,0,1,0,0,0,0,0,0,0,0,0
000003_1316244,1316244,"Property Crime, General Assault, Verbal Abuse","Neukölln, Neudecker Weg, Agnes-Straub-Weg, Fritz-Erler-Allee",2023,21.04,12.30 Uhr,Female,Male,2,3,0,0,0,0,0,0,0,0,0,0,0,1,0,0,0,0,0,0,0
000004_1315882,1315882,"Property Crime, Theft","Hermannplatz, Friedrichshain-Kreuzberg",2023,20.04,3.20 Uhr,Unknown,Male,Unknown,1,0,0,0,0,0,0,0,0,0,0,0,0,0,0,0,0,0,0,0
000005_1315593,1315593,"General Assault, Verbal Abuse, Hate Crime - Racial/Ethnicity",Marzahn-Hellersdorf,2023,20.04,15.30 Uhr,Female,Male,4,1,0,0,0,0,0,0,1,0,0,0,0,1,0,0,0,0,0,0,0
000006_1315587,1315587,"Property Crime, General Assault","Reinickendorf, Oranienburger Straße",2023,20.04,19.40 Uhr,Male,Male,2,1,0,0,0,0,0,0,0,0,0,0,0,1,0,0,0,0,0,0,0
000007_1315380,1315380,"General Assault, Verbal Abuse, Hate Crime - Political","Schierker Straße, Neukölln",2023,19.04,12 Uhr,Male,Male,1,1,0,0,0,0,0,0,0,0,0,0,0,1,0,0,0,0,0,0,0
000008_1315259,1315259,"Robbery, Property Crime",Lankwitz,2023,20.02,21.30 Uhr,Male,Male,1,2,0,0,0,0,0,0,0,0,0,0,0,0,0,0,0,0,0,0,0
000009_1315220,1315220,"Verbal Abuse, General Assault","Berlin-Neukölln, U-Bahn U7, Mehringdamm to Karl-Marx-Straße",2023,19.04,18.20 Uhr,Male,Female,1,1,0,0,0,0,0,0,0,0,0,0,0,1,0,0,0,0,0,0,0
000010_1315085,1315085,"General Assault, Property Crime, Verbal Abuse",Neukölln,2023,19.04,Mitternacht,Female,Male,1,1,0,0,0,0,0,0,0,0,0,0,0,1,0,0,0,0,0,0,0
000011_1315044,1315044,"Property Crime, General Assault","Marzahn-Hellersdorf, Hadubrandweg",2023,19.04,15.20 Uhr,Male,Male,1,3,0,0,0,0,0,0,0,0,0,0,0,1,0,0,0,0,0,0,0
000012_1314995,1314995,"General Assault, Property Damage",Kreuzung Spremberger Straße/Schinkestraße,2023,19.04,14 Uhr,"Male, Female",Male,2,1-2,0,0,0,0,0,0,0,0,0,1,0,1,0,0,0,0,0,0,0
000001_1312030,1312030,Property Crime,"Pasewalker Ecke Bahnhofstraße, Galenusstraße",2023,6.04,3 Uhr,Unknown,Male,Unknown,2,0,0,0,0,0,0,0,0,0,0,0,0,0,0,0,0,0,0,0
000002_1311978,1311978,"Robbery, Property Crimes","Magistratsweg, Spandau",2023,6.04,8 Uhr,Male,Male,1,1,0,0,0,0,0,0,0,0,0,0,0,0,0,0,1,0,0,0,0
000003_1311923,1311923,"General Assault, Verbal Abuse","Heerstraße, Charlottenburg-Wilmersdorf",2023,5.04,8.10 Uhr,Male,Male,1,1,0,0,0,0,0,0,0,0,0,0,0,1,0,0,0,0,0,0,0
000004_1311830,1311830,"Property Crime, Attempted Theft","Rohrwallallee, Schmöckwitz, Treptow-Köpenick",2023,5.04,0.20 Uhr,Male,Male,1,4,0,0,0,0,0,0,0,0,0,0,0,0,0,0,0,0,0,0,0
000005_1311775,1311775,"Property Damage, Unclassified","Prenzlauer Berg, Storkower Straße Ecke Kniprodestraße",2023,5.04,17 Uhr,"Male, Female",Male,6,1,0,0,0,0,0,0,0,0,0,1,0,0,0,0,0,0,0,0,1
000006_1311603,1311603,"Property Crime, Attempted Property Damage","Marienfelde, Tempelhof-Schöneberg",2023,4.04,4 Uhr,Unknown,Male,Unknown,2,0,0,0,0,0,0,0,0,0,0,0,0,0,0,0,0,0,0,0
000007_1311584,1311584,"Property Crime, Theft","Quitzowstraße, Moabit",2023,4.04,4 Uhr,Unknown,Male,Unknown,3,0,0,0,0,0,0,0,0,0,0,0,0,0,0,0,0,0,0,0
000008_1311555,1311555,Robbery,"Wilhelmstadt, Sandstraße",2023,4.04,8.30 Uhr,Female,Male,2,1,0,0,0,0,0,0,0,0,0,0,0,0,0,0,0,0,0,0,0
000009_1311401,1311401,"General Assault, Property Damage",Ebertstraße,2020,18.11,12.30 Uhr,Male,Male,2,1,0,0,0,0,0,0,0,0,0,1,0,1,0,0,0,0,0,0,0
000010_1311324,1311324,"Property Crime, Property Damage","Seydelstraße, Kreuzberg",2023,4.04,23 Uhr,Unknown,Male,0,2,0,0,0,0,0,0,0,0,0,1,0,0,0,0,0,0,0,0,0
000011_1311321,1311321,"Theft, General Assault, Verbal Abuse, Property Damage","Wrangelstraße, Friedrichshain-Kreuzberg",2023,4.04,19 Uhr,Male,Male,2,1,0,0,0,0,0,0,0,0,0,1,0,1,0,0,0,0,0,0,0
000012_1311319,1311319,"Property Crime, Property Damage","Lynarstraße, Wedding",2023,4.04,2 Uhr,Unknown,Male,1,2,0,0,0,0,0,0,0,0,0,1,0,0,0,0,0,0,0,0,0
000013_1311318,1311318,"Property Crime, Theft","Marzahn-Hellersdorf, Bansiner Straße",2023,4.04,14 Uhr,Female,"Female, Male",1,2,0,0,0,0,0,0,0,0,0,0,0,0,0,0,0,0,0,0,0
000014_1311013,1311013,Property Damage,Mollstraße/ Karl-Liebknecht-Straße/ Mollstraße/ Prenzlauer Allee,2023,3.04,23.30 Uhr,Unknown,Male,Unknown,1,0,0,0,0,0,0,0,0,0,1,0,0,0,0,0,0,0,0,0
000015_1311009,1311009,"General Assault, Verbal Abuse, Property Damage","U-Bahnhof Boddinstraße, Neukölln",2023,3.04,1 Uhr,Male,Male,2,3,0,0,0,0,0,0,0,0,0,1,0,1,0,0,0,0,0,0,0
000016_1310957,1310957,"Property Damage, Arson","Krankenhaus Am Urban, Dieffenbachstraße, Friedrichshain-Kreuzberg",2023,3.04,0.10 Uhr,Female,Male,Unknown,1,0,0,0,0,0,0,0,0,0,1,0,0,0,0,0,0,0,0,0
000017_1310860,1310860,"General Assault, Property Damage","Wolfgang-Heinz-Straße, Pankow",2023,2.04,21.20 Uhr,Male,Unknown,1,7-8,0,0,0,0,0,0,0,0,0,1,0,1,0,0,0,0,0,0,0
000018_1310858,1310858,"Property Crime, Unclassified","Lentzeallee, Wallenbergstraße Ecke Barstraße",2023,2.04,13 Uhr,Unknown,Male,1,2,0,0,0,0,0,0,0,0,0,0,0,0,0,0,0,0,0,0,1
000019_1310857,1310857,"Property Crime, General Assault","Schmargendorf, Charlottenbrunner Straße, Hohenzollerndamm",2023,2.04,4.30 Uhr,Female,Male,1,1,0,0,0,0,0,0,0,0,0,0,0,1,0,0,0,0,0,0,0
000020_1310856,1310856,"General Assault, Property Damage","Wiener Straße, Friedrichshain-Kreuzberg",2023,2.04,19.30 Uhr,Male,Male,1,3,0,0,0,0,0,0,0,0,0,1,0,1,0,0,0,0,0,0,0
000001_1308149,1308149,Property Damage,"Scharnweberstraße, Reinickendorf",2023,25.03,13.50 Uhr,Male,Male,1,1,0,0,0,0,0,0,0,0,0,1,0,0,0,0,0,0,0,0,0
000002_1308147,1308147,"General Assault, Property Damage","Hermannstraße, Neukölln",2023,25.03,1 Uhr,Male,Male,1,1,0,0,0,0,0,0,0,0,0,1,0,1,0,0,0,0,0,0,0
000003_1308145,1308145,"Homicide, General Assault, Property Damage",Reinickendorf,2023,25.03,23.15,"Female, Male",Male,3,1,1,0,0,0,0,0,0,0,0,1,0,1,0,0,0,0,0,0,0
000004_1308099,1308099,"Property Damage, Unclassified",Friedrichstraße,2023,24.03,17.15 Uhr,Unknown,Unknown,Unknown,5,0,0,0,0,0,0,0,0,0,1,0,0,0,0,0,0,0,0,1
000005_1307898,1307898,"Property Crime, General Assault","Ernst-Reinke-Straße, Lichtenberg",2023,24.03,21.30 Uhr,Unknown,Male,1,2,0,0,0,0,0,0,0,0,0,0,0,1,0,0,0,0,0,0,0
000006_1307518,1307518,"Verbal Abuse, General Assault","Motzstraße, Tempelhof-Schöneberg",2023,23.03,3.35 Uhr,Male,Unknown,2,2,0,0,0,0,0,0,0,0,0,0,0,1,0,0,0,0,0,0,0
000007_1307474,1307474,"Verbal Abuse, Threatening with a Weapon",Treptow-Köpenick,2023,23.03,19.30 Uhr,Female,Female,1,1,0,0,0,0,0,0,0,0,0,0,0,0,0,0,0,0,0,0,0
000008_1307434,1307434,"Property Damage, General Assault",Friedrichsfelde,2023,23.03,1.50 Uhr,Male,Male,1,1,0,0,0,0,0,0,0,0,0,1,0,1,0,0,0,0,0,0,0
000009_1307433,1307433,"Hate Crime - Racial/Ethnicity, General Assault, Verbal Abuse",S-Bahnhof Jungfernheide,2023,23.03,16 Uhr,Female,Female,1,2,0,0,0,0,0,0,1,0,0,0,0,1,0,0,0,0,0,0,0
000010_1307189,1307189,"Property Damage, Attempted Arson","Lindenberger Weg, Buch, Pankow",2023,22.03,3 Uhr,Unknown,Unknown,Unknown,Unknown,0,0,0,0,0,0,0,0,0,1,0,0,0,0,0,0,0,0,0
000011_1307179,1307179,"General Assault, Verbal Abuse, Property Damage","Harry-Breslau-Park, Steglitz-Zehlendorf",2023,22.03,18 Uhr,Male,Male,1,20,0,0,0,0,0,0,0,0,0,1,0,1,0,0,0,0,0,0,0
000012_1307177,1307177,"Property Crime, Drug Offenses",Tempelhof-Schöneberg,2023,22.03,2.40 Uhr,Unknown,Male,Unknown,1,0,0,0,0,0,0,0,0,0,0,1,0,0,0,0,0,0,0,0
000013_1307175,1307175,"Property Crime, Burglary",Charles-Corcelle-Ring,2023,22.03,15 Uhr,Female,Male,1,1,0,0,0,0,0,0,0,0,0,0,0,0,0,0,0,0,0,0,0
000014_1306969,1306969,"General Assault, Property Damage","Huttenstraße, Moabit",2023,22.03,Mitternacht,Male,Male,3,3,0,0,0,0,0,0,0,0,0,1,0,1,0,0,0,0,0,0,0
000015_1306908,1306908,"Property Crime, General Assault","Holländer Straße, Wedding",2023,22.03,19.20 Uhr,Female,Unknown,1,Unknown,0,0,0,0,0,0,0,0,0,0,0,1,0,0,0,0,0,0,0
000016_1306798,1306798,"Drug Offenses, General Assault, Property Damage","Südstern/Körtestraße, Friedrichshain-Kreuzberg",2023,22.03,14 Uhr,Male,Male,1,1,0,0,0,0,0,0,0,0,0,1,1,1,0,0,0,0,0,0,0
000017_1306793,1306793,Property Damage,"Auerbacher Ring, Marzahn-Hellersdorf",2023,22.03,20.30 Uhr,Male,Unknown,1,Unknown,0,0,0,0,0,0,0,0,0,1,0,0,0,0,0,0,0,0,0
000018_1306557,1306557,"General Assault, Verbal Abuse, Property Damage",Friedrichshain-Kreuzberg,2023,21.03,23.00 Uhr,Male,Male,1,1,0,0,0,0,0,0,0,0,0,1,0,1,0,0,0,0,0,0,0
000019_1306237,1306237,Unclassified,Mitte,2023,21.03,Unknown,Unknown,Unknown,Unknown,Unknown,0,0,0,0,0,0,0,0,0,0,0,0,0,0,0,0,0,0,1
000020_1306232,1306232,"General Assault, Property Damage, Verbal Abuse",Tram-Haltestelle Welsestr. / Falkenberger Chaussee,2023,21.03,18 Uhr,"Male, Female",Male,3,2,0,0,0,0,0,0,0,0,0,1,0,1,0,0,0,0,0,0,0
000021_1306227,1306227,"Property Crime, General Assault","Konstanzer Straße, Charlottenburg-Wilmersdorf",2023,21.03,22 Uhr,Unknown,Male,3,1,0,0,0,0,0,0,0,0,0,0,0,1,0,0,0,0,0,0,0
000022_1306217,1306217,"Property Damage, Arson","Senftenberger Ring, Reinickendorf",2023,21.03,10.35 Uhr,Unknown,Unknown,5,Unknown,0,0,0,0,0,0,0,0,0,1,0,0,0,0,0,0,0,0,0
000023_1306131,1306131,"General Assault, Verbal Abuse, Property Damage","Reinickendorf, Simmelstraße",2023,21.03,1.20 Uhr,Female,Male,1,1,0,0,0,0,0,0,0,0,0,1,0,1,0,0,0,0,0,0,0
000024_1305808,1305808,"Property Crime, Burglary","Klosterstraße, Spandau",2023,20.03,4.30 Uhr,Unknown,Male,Unknown,2,0,0,0,0,0,0,0,0,0,0,0,0,0,0,0,0,0,0,0
000025_1305498,1305498,"Property Crime, Theft",Prenzlauer Berg,2023,19.03,3 Uhr,Unknown,Male,Unknown,3,0,0,0,0,0,0,0,0,0,0,0,0,0,0,0,0,0,0,0
000026_1305496,1305496,"General Assault, Verbal Abuse, Hate Crime - Racial/Ethnicity","Brunnenstraße, Mitte",2023,19.03,16.30 Uhr,Male,Male,1,2,0,0,0,0,0,0,1,0,0,0,0,1,0,0,0,0,0,0,0
000027_1305485,1305485,"Burglary, Property Damage",Marzahn-Hellersdorf,2023,18.03,19 Uhr,Unknown,Male,2,2,0,0,0,0,0,0,0,0,0,1,0,0,0,0,0,0,0,0,0
000028_1305483,1305483,Unclassified,"Berlepschstraße, Steglitz-Zehlendorf",2023,18.03,8 Uhr,Unknown,Unknown,Unknown,Unknown,0,0,0,0,0,0,0,0,0,0,0,0,0,0,0,0,0,0,1
000029_1304726,1304726,"Verbal Abuse, General Assault","Schulenburgring, Tempelhof-Schöneberg",2023,16.03,22 Uhr,Female,Female,1,Unknown,0,0,0,0,0,0,0,0,0,0,0,1,0,0,0,0,0,0,0
000030_1304657,1304657,Human Trafficking,Berlin/Halle(Saale)/Hof,2023,15.03,Unknown,Unknown,Male,Unknown,5,0,0,0,0,0,0,0,0,0,0,0,0,0,0,0,0,0,0,0
000031_1304388,1304388,Property Damage,"Pistoriusstraße, Weißensee",2023,15.03,12 Uhr,Male,Male,1,1,0,0,0,0,0,0,0,0,0,1,0,0,0,0,0,0,0,0,0
000032_1303920,1303920,"General Assault, Verbal Abuse, Property Damage","Klingsorstraße, Steglitz-Zehlendorf",2023,14.03,16 Uhr,Male,Male,1,1,0,0,0,0,0,0,0,0,0,1,0,1,0,0,0,0,0,0,0
000033_1303633,1303633,Unclassified,Dahme,2023,16.02,Unknown,Male,Unknown,1,Unknown,0,0,0,0,0,0,0,0,0,0,0,0,0,0,0,0,0,0,1
000034_1303599,1303599,"Property Damage, Attempted Theft","Marienfelde, Hildburghauser Straße",2023,13.03,6-8 Uhr,Unknown,Unknown,0,Unknown,0,0,0,0,0,0,0,0,0,1,0,0,0,0,0,0,0,0,0
000001_1312355,1312355,"Property Crime, General Assault","Harzer Straße, Neukölln",2023,7.04,6.15 Uhr,Male,Male,1,Unknown,0,0,0,0,0,0,0,0,0,0,0,1,0,0,0,0,0,0,0
000001_1328146,1328146,"Robbery, General Assault, Verbal Abuse",Reinickendorf,2023,25.05,16 Uhr,Male,Male,1,2,0,0,0,0,0,0,0,0,0,0,0,1,0,0,0,0,0,0,0
000002_1327802,1327802,"Property Crimes, Drug Offenses",Neuköll,2023,24.05,23.00 Uhr,Unknow,Male,Unknow,1,0,0,0,0,0,0,0,0,0,0,1,0,0,0,1,0,0,0,0
000003_1327768,1327768,"General Assault, Verbal Abuse, Hate Crime Gender Identity","Alexanderstraße, Mitte",2023,24.05,17 Uhr,Female,Male,1,1,0,0,0,0,0,0,0,0,0,0,0,1,0,0,0,0,0,0,0
000004_1327762,1327762,"General Assault, Verbal Abuse, Hate Crime Religious",Marzahn-Hellersdorf,2023,24.05,17.45 Uhr,Male,Male,1,2,0,0,0,0,0,0,0,0,0,0,0,1,0,0,0,0,0,0,0
000005_1327344,1327344,"General Assault, Verbal Abuse, Robbery",Marzahn-Hellersdorf,2023,23.05,23.45 Uhr,Male,Male,1,1-8,0,0,0,0,0,0,0,0,0,0,0,1,0,0,0,0,0,0,0
000006_1327305,1327305,"Robbery with a Firearm, Property Crimes",Reinickendorf,2023,23.05,7.30 Uhr,Male,Unknow,1,2,0,0,0,0,0,0,0,0,0,0,0,0,0,0,1,0,0,0,0
000007_1327301,1327301,"Sexual Assault, Verbal Abuse",Lichtenberg,2023,23.05,Unknow,Unknow,Male,Unknow,1,0,0,0,0,0,0,0,0,0,0,0,0,1,0,0,0,0,0,0
000008_1327284,1327284,"General Assault, Verbal Abuse, Hate Crime Racial","Max-Josef-Metzger-Platz, Wedding",2023,23.05,18.30 Uhr,Male and Female,Male,7,1,0,0,0,0,0,0,0,0,0,0,0,1,0,0,0,0,0,0,0
000009_1327174,1327174,"General Assault, Verbal Abuse, Property Crimes, Assault on a Police Officer",Steglitz-Zehlendorf,2023,23.05,12.30 Uhr,Male,Male,2,1,0,0,0,0,0,0,0,0,0,0,0,1,0,0,1,0,0,0,0
000010_1327172,1327172,"General Assault, Property Damage","Dolgenseestraße, Lichtenberg",2023,23.05,13 Uhr,Male and Female,Unknow,40,Unknow,0,0,0,0,0,0,0,0,0,1,0,1,0,0,0,0,0,0,0
000001_1314948,1314948,"Property Crime, Theft",Wilmersdorf,2023,19.04,16.50 Uhr,Female,Male,1,2,0,0,0,0,0,0,0,0,0,0,0,0,0,0,0,0,0,0,0
